{
  "prob_up_by_horizon": {
    "12m": 0.35416666666666663
  },
  "exp_cum_return_by_horizon": {
    "12m": -0.010286752337785587
  },
  "cond_cum_return_if_up": {
    "12m": 0.15547388881810092
  },
  "cond_cum_return_if_down": {
    "12m": -0.10118774910069109
  }
}