{
  "prob_up_by_horizon": {
    "12m": 0.5572122670019426
  },
  "exp_cum_return_by_horizon": {
    "12m": 0.456554476997325
  },
  "cond_cum_return_if_up": {
    "12m": 0.2319050298237223
  },
  "cond_cum_return_if_down": {
    "12m": -0.051199623352418684
  }
}