{
  "prob_up_by_horizon": {
    "12m": 0.2
  },
  "exp_cum_return_by_horizon": {
    "12m": 0.20367976295988993
  },
  "cond_cum_return_if_up": {
    "12m": 0.11125697258744287
  },
  "cond_cum_return_if_down": {
    "12m": -0.1333910232866939
  }
}