{
  "prob_up_by_horizon": {
    "12m": 0.22972222222222222
  },
  "exp_cum_return_by_horizon": {
    "12m": -0.14938393374299558
  },
  "cond_cum_return_if_up": {
    "12m": 0.04499246906503678
  },
  "cond_cum_return_if_down": {
    "12m": -0.20735338384117183
  }
}