{
  "prob_up_by_horizon": {
    "12m": 0.2
  },
  "exp_cum_return_by_horizon": {
    "12m": -0.35703502849314217
  },
  "cond_cum_return_if_up": {
    "12m": 0.3395748713328646
  },
  "cond_cum_return_if_down": {
    "12m": -0.5702173137126438
  }
}