{
  "prob_up_by_horizon": {
    "12m": 0.1401829268292683
  },
  "exp_cum_return_by_horizon": {
    "12m": -0.06863182976250648
  },
  "cond_cum_return_if_up": {
    "12m": 0.27971439509270735
  },
  "cond_cum_return_if_down": {
    "12m": -0.12542553027609676
  }
}