{
  "prob_up_by_horizon": {
    "12m": 0.2
  },
  "exp_cum_return_by_horizon": {
    "12m": 0.123438821747438
  },
  "cond_cum_return_if_up": {
    "12m": 0.20150646242770837
  },
  "cond_cum_return_if_down": {
    "12m": -0.1783197717107623
  }
}