{
  "prob_up_by_horizon": {
    "12m": 0.3092647058823529
  },
  "exp_cum_return_by_horizon": {
    "12m": 0.0003274813782179198
  },
  "cond_cum_return_if_up": {
    "12m": 0.6103617071287077
  },
  "cond_cum_return_if_down": {
    "12m": -0.2728047257227571
  }
}