{
  "prob_up_by_horizon": {
    "12m": 0.2
  },
  "exp_cum_return_by_horizon": {
    "12m": -0.30600498783904767
  },
  "cond_cum_return_if_up": {
    "12m": 0.3231204041391128
  },
  "cond_cum_return_if_down": {
    "12m": -0.1398149802615487
  }
}