{
  "prob_up_by_horizon": {
    "12m": 0.5565250581685429
  },
  "exp_cum_return_by_horizon": {
    "12m": 0.0441202455704139
  },
  "cond_cum_return_if_up": {
    "12m": 0.21333231528312585
  },
  "cond_cum_return_if_down": {
    "12m": -0.1682271681318832
  }
}