{
  "prob_up_by_horizon": {
    "12m": 0.2
  },
  "exp_cum_return_by_horizon": {
    "12m": -0.09286216464320587
  },
  "cond_cum_return_if_up": {
    "12m": 0.23952754694172038
  },
  "cond_cum_return_if_down": {
    "12m": -0.12795246679839023
  }
}