{
  "prob_up_by_horizon": {
    "12m": 0.3049074074074074
  },
  "exp_cum_return_by_horizon": {
    "12m": -0.02828791635076968
  },
  "cond_cum_return_if_up": {
    "12m": 0.11703338983743693
  },
  "cond_cum_return_if_down": {
    "12m": -0.09203416135913046
  }
}