{
  "prob_up_by_horizon": {
    "12m": 0.250462962962963
  },
  "exp_cum_return_by_horizon": {
    "12m": -0.22143597774252785
  },
  "cond_cum_return_if_up": {
    "12m": 0.13368132875850122
  },
  "cond_cum_return_if_down": {
    "12m": -0.3401008713911114
  }
}