{
  "prob_up_by_horizon": {
    "12m": 0.2
  },
  "exp_cum_return_by_horizon": {
    "12m": 0.2550337156022927
  },
  "cond_cum_return_if_up": {
    "12m": 0.24518376751764018
  },
  "cond_cum_return_if_down": {
    "12m": -0.1585941454308883
  }
}