{
  "prob_up_by_horizon": {
    "12m": 0.4674754170228879
  },
  "exp_cum_return_by_horizon": {
    "12m": 0.18021604388413506
  },
  "cond_cum_return_if_up": {
    "12m": 0.23100560289745092
  },
  "cond_cum_return_if_down": {
    "12m": -0.15044190329526858
  }
}