{
  "prob_up_by_horizon": {
    "12m": 0.24009259259259258
  },
  "exp_cum_return_by_horizon": {
    "12m": -0.043841573391006715
  },
  "cond_cum_return_if_up": {
    "12m": 0.23794432039645633
  },
  "cond_cum_return_if_down": {
    "12m": -0.1328717698806974
  }
}