{
  "prob_up_by_horizon": {
    "12m": 0.2
  },
  "exp_cum_return_by_horizon": {
    "12m": 0.3925675464347942
  },
  "cond_cum_return_if_up": {
    "12m": 0.3818333235520123
  },
  "cond_cum_return_if_down": {
    "12m": -0.17303345067975315
  }
}