{
  "prob_up_by_horizon": {
    "12m": 0.3100925925925926
  },
  "exp_cum_return_by_horizon": {
    "12m": -0.12231633881611545
  },
  "cond_cum_return_if_up": {
    "12m": 0.11399496601673623
  },
  "cond_cum_return_if_down": {
    "12m": -0.2285311502354176
  }
}