{
  "prob_up_by_horizon": {
    "12m": 0.5859124987145523
  },
  "exp_cum_return_by_horizon": {
    "12m": 0.3287689004359041
  },
  "cond_cum_return_if_up": {
    "12m": 0.2838019999576018
  },
  "cond_cum_return_if_down": {
    "12m": -0.04879040028932788
  }
}