{
  "prob_up_by_horizon": {
    "12m": 0.48151185007346814
  },
  "exp_cum_return_by_horizon": {
    "12m": -0.0008554053485749918
  },
  "cond_cum_return_if_up": {
    "12m": 0.2292373993299882
  },
  "cond_cum_return_if_down": {
    "12m": -0.21453900078863863
  }
}