{
  "prob_up_by_horizon": {
    "12m": 0.2
  },
  "exp_cum_return_by_horizon": {
    "12m": -0.2026352070260371
  },
  "cond_cum_return_if_up": {
    "12m": 0.23708372433973382
  },
  "cond_cum_return_if_down": {
    "12m": -0.19867956251099606
  }
}