{
  "prob_up_by_horizon": {
    "12m": 0.3323931675395417
  },
  "exp_cum_return_by_horizon": {
    "12m": 0.011926753308105498
  },
  "cond_cum_return_if_up": {
    "12m": 0.2204630015515661
  },
  "cond_cum_return_if_down": {
    "12m": -0.0919008600867313
  }
}