{
  "prob_up_by_horizon_meta": {
    "12m": 0.9360943330157141,
    "24m": 0.5
  },
  "prob_up_by_horizon_raw": {
    "12m": 0.6037091612815857,
    "24m": 0.5872194170951843
  }
}