{
  "prob_up_by_horizon_meta": {
    "12m": 0.7167331530658505,
    "24m": 0.7054864905443087
  },
  "prob_up_by_horizon_raw": {
    "12m": 0.47962549328804016,
    "24m": 0.4564279317855835
  }
}