{
  "prob_up_by_horizon_meta": {
    "12m": 0.7439315419800062,
    "24m": 0.6040460015498881
  },
  "prob_up_by_horizon_raw": {
    "12m": 0.5028570294380188,
    "24m": 0.49451515078544617
  }
}