{
  "metrics": {
    "rmse_price_1y": 0.18299666260575786,
    "mape_price_1y": 16.74420472606438,
    "directional_accuracy_from_cumhead": [
      1.0,
      0.8333333333333334
    ],
    "directional_accuracy_from_vecsum": [
      1.0,
      1.0
    ],
    "directional_accuracy_from_cls": [
      1.0,
      0.8333333333333334
    ],
    "directional_accuracy_from_meta": [
      0.6666666666666666,
      0.6666666666666666
    ],
    "directional_accuracy_best": [
      1.0,
      1.0
    ],
    "cum_horizons_used": [
      12,
      24
    ],
    "h_vec_used": 12,
    "lookbacks_used": [
      24,
      30,
      36
    ],
    "seeds_used": [
      11,
      22,
      33,
      44,
      55
    ],
    "num_folds": 6,
    "mode": "ensemble_walk_forward"
  }
}