{
  "prob_up_by_horizon_meta": {
    "12m": 0.5,
    "24m": 0.6090511171873525
  },
  "prob_up_by_horizon_raw": {
    "12m": 0.4980119466781616,
    "24m": 0.4983319342136383
  }
}