{
  "prob_up_by_horizon_meta": {
    "12m": 0.10708299901477879,
    "24m": 0.5
  },
  "prob_up_by_horizon_raw": {
    "12m": 0.4933079779148102,
    "24m": 0.3396419584751129
  }
}