{
  "prob_up_by_horizon_meta": {
    "12m": 0.5882425135984076,
    "24m": 0.9407110239332142
  },
  "prob_up_by_horizon_raw": {
    "12m": 0.4950912892818451,
    "24m": 0.4903172552585602
  }
}