{
  "prob_up_by_horizon_meta": {
    "12m": 0.9450932849186966,
    "24m": 0.5
  },
  "prob_up_by_horizon_raw": {
    "12m": 0.5661346912384033,
    "24m": 0.6164595484733582
  }
}