{
  "prob_up_by_horizon_meta": {
    "12m": 0.9444730336135505,
    "24m": 0.5
  },
  "prob_up_by_horizon_raw": {
    "12m": 0.49342018365859985,
    "24m": 0.4996844232082367
  }
}