{
  "prob_up_by_horizon_meta": {
    "12m": 0.11093647374856355,
    "24m": 0.4928042975653
  },
  "prob_up_by_horizon_raw": {
    "12m": 0.5021238327026367,
    "24m": 0.5121024250984192
  }
}