{
  "prob_up_by_horizon_meta": {
    "12m": 0.8303150272375289,
    "24m": 0.9436543677401642
  },
  "prob_up_by_horizon_raw": {
    "12m": 0.54288649559021,
    "24m": 0.5933929085731506
  }
}