{
  "prob_up_by_horizon_meta": {
    "12m": 0.8326479122663846,
    "24m": 0.9440559110482205
  },
  "prob_up_by_horizon_raw": {
    "12m": 0.5386676788330078,
    "24m": 0.5895589590072632
  }
}