{
  "prob_up_by_horizon_meta": {
    "12m": 0.9445588762502077,
    "24m": 0.5
  },
  "prob_up_by_horizon_raw": {
    "12m": 0.49057942628860474,
    "24m": 0.49410444498062134
  }
}