{
  "prob_up_by_horizon_meta": {
    "12m": 0.9445778827708199,
    "24m": 0.5
  },
  "prob_up_by_horizon_raw": {
    "12m": 0.49087396264076233,
    "24m": 0.4949662387371063
  }
}