{
  "prob_up_by_horizon_meta": {
    "12m": 0.9432836293329337,
    "24m": 0.5
  },
  "prob_up_by_horizon_raw": {
    "12m": 0.5058978796005249,
    "24m": 0.6637152433395386
  }
}