{
  "prob_up_by_horizon_meta": {
    "12m": 0.8280418307324366,
    "24m": 0.9162901706077938
  },
  "prob_up_by_horizon_raw": {
    "12m": 0.4873083829879761,
    "24m": 0.527730405330658
  }
}