{
  "prob_up_by_horizon_meta": {
    "12m": 0.0978558802157055,
    "24m": 0.19401055976429676
  },
  "prob_up_by_horizon_raw": {
    "12m": 0.551571786403656,
    "24m": 0.4692899286746979
  }
}